{"obs": [-0.040215995405745796, -0.02504088183704281, 0.04625775750812896, -0.01350015469852111], "action": [0.0], "reward":1.0, "done":false, "info": {}}